0.jpg,1
1.jpg,0
10.jpg,1
100.jpg,1
101.jpg,1
102.jpg,1
103.jpg,1
104.jpg,1
105.jpg,1
106.jpg,0
107.jpg,1
108.jpg,1
109.jpg,0
11.jpg,1
110.jpg,1
111.jpg,1
112.jpg,0
113.jpg,0
114.jpg,0
115.jpg,0
116.jpg,1
117.jpg,1
118.jpg,1
119.jpg,0
12.jpg,0
120.jpg,0
121.jpg,1
122.jpg,1
123.jpg,1
124.jpg,1
125.jpg,1
126.jpg,0
127.jpg,1
128.jpg,0
129.jpg,1
13.jpg,1
130.jpg,0
131.jpg,0
132.jpg,1
133.jpg,0
134.jpg,1
135.jpg,0
136.jpg,1
137.jpg,0
138.jpg,0
139.jpg,0
14.jpg,1
140.jpg,1
141.jpg,1
142.jpg,0
143.jpg,1
144.jpg,1
145.jpg,1
146.jpg,0
147.jpg,1
148.jpg,1
149.jpg,1
15.jpg,1
150.jpg,1
151.jpg,0
152.jpg,0
153.jpg,1
154.jpg,0
155.jpg,1
156.jpg,0
157.jpg,1
158.jpg,0
159.jpg,0
16.jpg,0
160.jpg,1
161.jpg,0
162.jpg,1
163.jpg,1
164.jpg,0
165.jpg,1
166.jpg,1
167.jpg,0
168.jpg,1
169.jpg,1
17.jpg,0
170.jpg,0
171.jpg,1
172.jpg,1
173.jpg,0
174.jpg,1
175.jpg,0
176.jpg,0
177.jpg,1
178.jpg,1
179.jpg,0
18.jpg,1
180.jpg,1
181.jpg,0
182.jpg,1
183.jpg,1
184.jpg,0
185.jpg,0
186.jpg,1
187.jpg,1
188.jpg,0
189.jpg,1
19.jpg,1
190.jpg,1
191.jpg,0
192.jpg,1
193.jpg,0
194.jpg,1
195.jpg,1
196.jpg,1
197.jpg,0
198.jpg,1
199.jpg,1
2.jpg,0
20.jpg,0
200.jpg,0
201.jpg,0
202.jpg,0
203.jpg,1
204.jpg,0
205.jpg,1
206.jpg,1
207.jpg,1
208.jpg,0
209.jpg,1
21.jpg,0
210.jpg,0
211.jpg,0
212.jpg,0
213.jpg,0
214.jpg,1
215.jpg,1
216.jpg,1
217.jpg,0
218.jpg,1
219.jpg,1
22.jpg,0
220.jpg,1
221.jpg,1
222.jpg,0
223.jpg,1
224.jpg,1
225.jpg,0
226.jpg,1
227.jpg,0
228.jpg,1
229.jpg,0
23.jpg,1
230.jpg,1
231.jpg,1
232.jpg,1
233.jpg,0
234.jpg,1
235.jpg,0
236.jpg,1
237.jpg,0
238.jpg,1
239.jpg,1
24.jpg,1
240.jpg,1
241.jpg,0
242.jpg,1
243.jpg,1
244.jpg,1
245.jpg,0
246.jpg,0
247.jpg,0
248.jpg,1
249.jpg,1
25.jpg,1
26.jpg,1
27.jpg,1
28.jpg,1
29.jpg,1
3.jpg,0
30.jpg,1
31.jpg,0
32.jpg,1
33.jpg,1
34.jpg,0
35.jpg,1
36.jpg,1
37.jpg,1
38.jpg,1
39.jpg,0
4.jpg,1
40.jpg,0
41.jpg,0
42.jpg,0
43.jpg,0
44.jpg,0
45.jpg,1
46.jpg,0
47.jpg,1
48.jpg,0
49.jpg,1
5.jpg,0
50.jpg,0
51.jpg,1
52.jpg,0
53.jpg,1
54.jpg,1
55.jpg,1
56.jpg,0
57.jpg,0
58.jpg,1
59.jpg,0
6.jpg,1
60.jpg,0
61.jpg,1
62.jpg,0
63.jpg,0
64.jpg,1
65.jpg,1
66.jpg,1
67.jpg,1
68.jpg,1
69.jpg,1
7.jpg,1
70.jpg,1
71.jpg,1
72.jpg,1
73.jpg,1
74.jpg,1
75.jpg,1
76.jpg,1
77.jpg,0
78.jpg,1
79.jpg,1
8.jpg,1
80.jpg,1
81.jpg,0
82.jpg,1
83.jpg,0
84.jpg,0
85.jpg,0
86.jpg,0
87.jpg,0
88.jpg,1
89.jpg,0
9.jpg,0
90.jpg,1
91.jpg,1
92.jpg,1
93.jpg,1
94.jpg,1
95.jpg,1
96.jpg,0
97.jpg,0
98.jpg,1
99.jpg,1
